Assigned_DT,Name,peakdemand,Use_type
4,CHS48BB0020060001,46.06851448,Residential
5,CHS48BB0020060002,32.76925146,Residential
6,CHS48BB0020060003,265.4669357,University
4,CHS48BB0020060004,30.84203771,Residential
1,CHS48BB0020060005,54.70659779,Residential
7,CHS48BB0020060006,140.6464051,University
5,CHS48BB0020060007,48.46174616,Residential
4,CHS48BB0020060008,82.11248364,Residential
2,CHS48BB0020060009,56.50589116,Residential
1,CHS48BB0020060010,54.75176848,Residential
1,CHS48BB0020060011,104.2129429,School
2,CHS48BB0020060012,57.24755404,Residential
5,CHS48BB0020060013,56.96121511,Residential
7,CHS48BB0020060014,55.47664795,Residential
5,CHS48BB0020060015,45.50556503,Residential
7,CHS48BB0020060016,80.27822837,Residential
5,CHS48BB0020060017,47.01876995,Residential
4,CHS48BB0020060018,11.26329907,Residential
4,CHS48BB0020060019,187.572498,University
1,CHS48BB0020060020,55.1267999,Residential
5,CHS48BB0020060021,64.80700332,School
5,CHS48BB0020060022,11.04545336,Residential
5,CHS48BB0020060023,7.209884004,Residential
6,CHS48BB0020060024,13.19839618,Residential
6,CHS48BB0020060025,70.80596548,Residential
2,CHS48BB0020060026,42.2351119,Residential
2,CHS48BB0020060027,90.63438848,Residential
2,CHS48BB0020060028,91.72311302,Residential
3,CHS48BB0020060029,92.06133949,Residential
2,CHS48BB0020060030,71.04181294,Residential
5,CHS48BB0020060031,10.74242328,Residential
3,CHS48BB0020060032,84.90979533,Residential
3,CHS48BB0020060033,30.19417703,Mixed
1,CHS48BB0020060034,35.44843663,Residential
3,CHS48BB0020060036,92.82635912,Residential
2,CHS48BB0020060037,73.27242973,Mixed
2,CHS48BB0020060038,83.96396928,Residential
2,CHS48BB0020060040,176.1681989,Mixed
3,CHS48BB0020060041,38.04505646,Mixed
8,CHS48CB0030200001,2.659202948,Retail
9,CH23401,1.488258278,Industrial
8,CHS48CB0030200002,3.438354676,Commercial
8,CHS48CB0030200003,4.845476105,Commercial
8,CHS48CB0030200004,1.855534853,Commercial
9,CHS48CB0030200005,1.065247276,Commercial
8,CHS48CB0030200006,4.897823684,Commercial
9,CHS48CB0030200007,1.598346487,Commercial
9,CHS48CB0030200008,3.057580351,Commercial
8,CHS48CB0030200009,1.494384293,Commercial
8,CHS48CB0030200010,1.648477495,Commercial
9,CHS48CB0030200011,0.815552218,Commercial
9,CHS48CB0030200012,0.777454162,Commercial
9,CHS48CB0030200013,0.756988144,Commercial
9,CHS48CB0030200014,0.69515063,Commercial
9,CHS48CB0030200015,0.770845601,Commercial
9,CHS48CB0030200016,0.747840426,Commercial
9,CHS48CB0030200017,4.897790252,Commercial
9,CHS48CB0030200018,4.897798274,Commercial
8,CHS48CB0030200019,4.89779162,Commercial
8,CHS48CB0030200020,4.897787979,Commercial
8,CHS48CB0030200021,4.89782461,Commercial
9,CHS48CB0030200022,4.897794093,Commercial
8,CHS48CB0030200023,4.897817622,Commercial
9,CHS48CB0030200024,4.897794092,Commercial
9,CHS48CB0030200025,4.897794093,Commercial
8,CHS48CB0030200026,4.897823683,Commercial
9,CHS48CB0030200027,4.897794093,Commercial
8,CHS48CB0030200028,4.897823683,Commercial
8,CHS48CB0030200029,4.897823683,Commercial
9,CHS48CB0030200030,4.89779533,Commercial
8,CHS48CB0030200031,4.897823683,Commercial
9,CHS48CB0030200032,4.897800161,Commercial
9,CHS48CB0030200033,4.897767759,Commercial
8,CHS48CB0030200034,4.897823683,Commercial
9,CHS48CB0030200035,4.897823683,Commercial
8,CHS48CB0030200036,4.844533801,Commercial
8,CHS48CB0030200037,4.844920375,Commercial
8,CHS48CB0030200038,4.845001263,Commercial
8,CHS48CB0030200039,4.845001263,Commercial
9,CHS48CB0030200040,4.844979452,Commercial
9,CHS48CB0030200041,4.845001263,Commercial
8,CHS48CB0030200042,4.845002423,Commercial
8,CHS48CB0030200043,4.844918293,Commercial
9,CHS48CB0030200044,4.844974008,Commercial
9,CHS48CB0030200045,4.845016909,Commercial
9,CHS48CB0030200046,4.844917188,Commercial
8,CHS48CB0030200047,4.845051146,Commercial
9,CHS48CB0030200048,4.845051146,Commercial
9,CHS48CB0030200049,4.844918292,Commercial
8,CHS48CB0030200050,4.844968176,Commercial
9,CHS48CB0030200051,4.845001262,Commercial
9,CHS48CB0030200052,4.845001263,Commercial
8,CHS48CB0030200053,4.844974008,Commercial
9,CHS48CB0030200054,4.845012614,Commercial
9,CHS48CB0030200055,4.845017673,Commercial
8,CHS48CB0030200056,4.844973617,Commercial
7,CHS48CB0030200057,2.653549989,Retail
7,CHS48CB0030200058,2.657837556,Retail
7,CHS48CB0030200059,2.659183997,Retail
7,CHS48CB0030200060,2.659142845,Retail
7,CHS48CB0030200061,2.659168419,Retail
7,CHS48CB0030200062,2.659190832,Retail
7,CHS48CB0030200063,2.659165349,Retail
7,CHS48CB0030200064,2.659169409,Retail
7,CHS48CB0030200065,2.659196507,Retail
7,CHS48CB0030200066,2.659183534,Retail
7,CHS48CB0030200067,2.659204019,Retail
7,CHS48CB0030200068,2.659176846,Retail
7,CHS48CB0030200069,2.659156818,Retail
7,CHS48CB0030200070,2.659174402,Retail
8,CHS48CB0030200071,1.834143001,Commercial
9,CHS48CB0030200072,1.844815686,Commercial
8,CHS48CB0030200073,1.844850811,Commercial
9,CHS48CB0030200074,1.844785341,Commercial
8,CHS48CB0030200075,1.844785341,Commercial
9,CHS48CB0030200076,1.844837048,Commercial
9,CHS48CB0030200077,1.844849978,Commercial
9,CHS48CB0030200078,1.844829696,Commercial
9,CHS48CB0030200079,1.844784922,Commercial
8,CHS48CB0030200080,1.844849979,Commercial
8,CHS48CB0030200081,1.844785341,Commercial
9,CHS48CB0030200082,1.844815686,Commercial
8,CHS48CB0030200083,1.844842111,Commercial
9,CHS48CB0030200084,1.844830906,Commercial
8,CHS48CB0030200085,1.844806703,Commercial
9,CHS48CB0030200086,1.844828737,Commercial
8,CHS48CB0030200087,1.844831424,Commercial
9,CHS48CB0030200088,1.844830906,Commercial
9,CHS48CB0030200089,1.844831655,Commercial
9,CHS48CB0030200090,1.844824032,Commercial
8,CHS48CB0030200091,1.844830906,Commercial
9,CHS48CB0030200092,1.844831332,Commercial
8,CHS48CB0030200093,1.844822808,Commercial
9,CHS48CB0030200094,1.595943995,Commercial
9,CHS48CB0030200095,1.596100489,Commercial
9,CHS48CB0030200096,1.596238753,Commercial
9,CHS48CB0030200097,1.596441691,Commercial
9,CHS48CB0030200098,1.596585636,Commercial
9,CHS48CB0030200099,1.596745544,Commercial
9,CHS48CB0030200100,1.596889992,Commercial
9,CHS48CB0030200101,1.597063697,Commercial
9,CHS48CB0030200102,1.597208824,Commercial
9,CHS48CB0030200103,1.597397079,Commercial
9,CHS48CB0030200104,1.597521644,Commercial
9,CHS48CB0030200105,1.597720383,Commercial
9,CHS48CB0030200106,1.597865753,Commercial
9,CHS48CB0030200107,1.59801298,Commercial
9,CHS48CB0030200108,1.598187712,Commercial
9,CHS48CB0030200109,1.648484516,Commercial
8,CHS48CB0030200110,1.648490852,Commercial
9,CHS48CB0030200111,1.648472672,Commercial
8,CHS48CB0030200112,1.648478587,Commercial
8,CHS48CB0030200113,1.648472672,Commercial
9,CHS48CB0030200114,1.648507616,Commercial
8,CHS48CB0030200115,1.648507789,Commercial
8,CHS48CB0030200116,1.648472672,Commercial
9,CHS48CB0030200117,1.648472672,Commercial
8,CHS48CB0030200118,1.648472672,Commercial
8,CHS48CB0030200119,1.648507616,Commercial
8,CHS48CB0030200120,1.648492645,Commercial
8,CHS48CB0030200121,1.648486729,Commercial
8,CHS48CB0030200122,1.648514459,Commercial
8,CHS48CB0030200123,1.64849574,Commercial
8,CHS48CB0030200124,1.648508935,Commercial
8,CHS48CB0030200125,1.648475,Commercial
8,CHS48CB0030200126,3.404312677,Commercial
9,CHS48CB0030200127,3.406947807,Commercial
9,CHS48CB0030200128,3.409503744,Commercial
9,CHS48CB0030200129,3.41220029,Commercial
9,CHS48CB0030200130,3.414805757,Commercial
9,CHS48CB0030200131,3.417380044,Commercial
9,CHS48CB0030200132,3.420048435,Commercial
9,CHS48CB0030200133,3.42265952,Commercial
9,CHS48CB0030200134,3.425249707,Commercial
9,CHS48CB0030200135,3.427914556,Commercial
9,CHS48CB0030200136,3.430530582,Commercial
9,CHS48CB0030200137,3.433205237,Commercial
9,CHS48CB0030200138,3.435781644,Commercial
9,CHS48CB0030200139,3.437923856,Commercial
9,CHS48CB0030200140,3.438393273,Commercial
9,CHS48CB0030200141,3.438380724,Commercial
9,CHS48CB0030200142,3.43842227,Commercial
7,CHS48CB0030200143,1.494382084,Commercial
7,CHS48CB0030200144,1.494398671,Commercial
7,CHS48CB0030200145,1.494394869,Commercial
8,CHS48CB0030200146,1.494389458,Commercial
7,CHS48CB0030200147,1.494392633,Commercial
8,CH23402,1.465130863,Industrial
8,CH23403,1.465156032,Industrial
8,CH23404,1.465175808,Industrial
8,CH23405,1.465176998,Industrial
8,CH23406,1.465186714,Industrial
7,CH23407,1.465198942,Industrial
7,CH23408,1.46518177,Industrial
6,CH23409,1.465213836,Industrial
7,CH23410,1.46519269,Industrial
8,CH23411,1.465205768,Industrial
6,CH23412,1.465208908,Industrial
8,CH23413,1.46520709,Industrial
7,CH23414,1.465187766,Industrial
8,CH23415,1.465190902,Industrial
8,CH23416,1.465201034,Industrial
6,CH23417,1.46520001,Industrial
8,CH23418,1.46520236,Industrial
8,CH23419,1.465167806,Industrial
7,CH23420,1.465198701,Industrial
8,CH23421,1.465200004,Industrial
8,CH23422,1.465183832,Industrial
8,CH23423,1.465208969,Industrial
9,CH23424,1.465196769,Industrial
9,CH23425,1.465202952,Industrial
9,CH23426,1.465224128,Industrial
9,CH23427,1.465577039,Industrial
9,CH23428,1.466972435,Industrial
9,CH23429,1.468632422,Industrial
9,CH23430,1.47025899,Industrial
9,CH23431,1.471907939,Industrial
9,CH23432,1.473549466,Industrial
9,CH23433,1.47520697,Industrial
9,CH23434,1.476870948,Industrial
9,CH23435,1.478517345,Industrial
9,CH23436,1.480177456,Industrial
9,CH23437,1.481807808,Industrial
9,CH23438,1.483487874,Industrial
9,CH23439,1.485114323,Industrial
9,CH23440,1.486774505,Industrial
9,CHS48CB0030200148,1.065251096,Commercial
9,CHS48CB0030200149,1.065230599,Commercial
9,CHS48CB0030200150,1.065238857,Commercial
9,CHS48CB0030200151,1.065253685,Commercial
9,CHS48CB0030200152,1.065254802,Commercial
9,CHS48CB0030200153,1.065236844,Commercial
9,CHS48CB0030200154,1.065269538,Commercial
9,CHS48CB0030200155,1.065252276,Commercial
9,CHS48CB0030200156,1.065253685,Commercial
9,CHS48CB0030200157,3.02811808,Commercial
9,CHS48CB0030200158,3.029753353,Commercial
9,CHS48CB0030200159,3.031292187,Commercial
9,CHS48CB0030200176,0.648179648,Commercial
9,CHS48CB0030200177,0.648287357,Commercial
9,CHS48CB0030200178,0.695126851,Commercial
9,CHS48CB0030200179,0.695140454,Commercial
8,CHS48CB0030200180,0.695129312,Commercial
7,CHS48CB0030200181,0.695140454,Commercial
7,CHS48CB0030200182,0.695126851,Commercial
7,CHS48CB0030200183,0.69515063,Commercial
7,CHS48CB0030200192,0.704158856,Commercial
7,CHS48CB0030200193,0.707828736,Commercial
7,CHS48CB0030200194,0.754615683,Commercial
7,CHS48CB0030200195,0.755046985,Commercial
7,CHS48CB0030200196,0.755476841,Commercial
7,CHS48CB0030200197,0.75589634,Commercial
7,CHS48CB0030200198,0.756336874,Commercial
7,CHS48CB0030200199,0.756756356,Commercial
7,CHS48CB0030200200,0.757202074,Commercial
7,CHS48CB0030200201,0.71768476,Commercial
7,CHS48CB0030200202,0.720193307,Commercial
7,CHS48CB0030200203,0.768271118,Commercial
7,CHS48CB0030200204,0.768688888,Commercial
7,CHS48CB0030200205,0.769122882,Commercial
7,CHS48CB0030200206,0.769551494,Commercial
7,CHS48CB0030200207,0.769996341,Commercial
7,CHS48CB0030200208,0.770426291,Commercial
7,CHS48CB0030200210,0.691125007,Commercial
7,CHS48CB0030200211,0.735441274,Commercial
7,CHS48CB0030200212,0.735692822,Commercial
7,CHS48CB0030200213,0.736058478,Commercial
6,CHS48CB0030200214,0.736523019,Commercial
7,CHS48CB0030200215,0.736724301,Commercial
7,CHS48CB0030200217,0.737714784,Commercial
7,CHS48CB0030200218,0.722006612,Commercial
7,CHS48CB0030200219,0.722251445,Commercial
7,CHS48CB0030200220,0.769974959,Commercial
7,CHS48CB0030200221,0.771230751,Commercial
7,CHS48CB0030200222,0.772478799,Commercial
7,CHS48CB0030200223,0.773737601,Commercial
6,CHS48CB0030200224,0.774972208,Commercial
7,CHS48CB0030200225,0.776217584,Commercial
