name,bus0,bus1,x,r,s_nom,s_nom_extendable,length,carrier,sub_network,x_pu,r_pu,x_pu_eff,r_pu_eff,v_nom
L1,SS1_11,DT1_11,0.1,0.2067,6.668,True,0.35981,AC,0,0.0008264462809917356,0.0017082644628099173,0.0008264462809917356,0.0017082644628099173,11.0
L2,DT1_11,DT2_11,0.075,0.155,6.668,True,0.134,AC,0,0.0006198347107438016,0.0012809917355371902,0.0006198347107438016,0.0012809917355371902,11.0
L3,DT2_11,DT3_11,0.15,0.31,6.668,True,0.306,AC,0,0.0012396694214876032,0.0025619834710743803,0.0012396694214876032,0.0025619834710743803,11.0
L4,DT2_11,DT4_11,0.15,0.31,6.668,True,0.316,AC,0,0.0012396694214876032,0.0025619834710743803,0.0012396694214876032,0.0025619834710743803,11.0
L5,DT4_11,DT5_11,0.1,0.206666667,6.668,True,0.004,AC,0,0.0008264462809917356,0.0017079889834710745,0.0008264462809917356,0.0017079889834710745,11.0
L6,DT1_11,DT6_11,0.1,0.2067,6.668,True,0.552,AC,0,0.0008264462809917356,0.0017082644628099173,0.0008264462809917356,0.0017082644628099173,11.0
L7,DT6_11,DT7_11,1.75,6.05,6.668,True,0.0018,AC,0,0.014462809917355372,0.049999999999999996,0.014462809917355372,0.049999999999999996,11.0
L8,DT6_11,DT8_11,1.75,6.05,6.668,True,0.155,AC,0,0.014462809917355372,0.049999999999999996,0.014462809917355372,0.049999999999999996,11.0
L9,DT8_11,DT9_11,0.175,0.605,2.477,True,0.024,AC,0,0.001446280991735537,0.005,0.001446280991735537,0.005,11.0
